{"cameraMode":{"drawMode":0,"name":"Shaded","section":"Shading Mode"},"sceneLighting":false,"audioPlay":false,"sceneViewState":{"m_AlwaysRefresh":false,"showFog":true,"showSkybox":false,"showFlares":true,"showImageEffects":true,"showParticleSystems":true,"showVisualEffectGraphs":true,"m_FxEnabled":true},"in2DMode":false,"pivot":{"x":-0.5644468665122986,"y":-0.3044072091579437,"z":0.19477002322673798},"rotation":{"x":-0.0026412999723106624,"y":0.707513153553009,"z":-0.002038333099335432,"w":-0.7071803212165833},"size":0.7636758089065552,"orthographic":false}