{"cameraMode":{"drawMode":0,"name":"Shaded","section":"Shading Mode"},"sceneLighting":false,"audioPlay":false,"sceneViewState":{"m_AlwaysRefresh":false,"showFog":true,"showSkybox":false,"showFlares":true,"showImageEffects":true,"showParticleSystems":true,"showVisualEffectGraphs":true,"m_FxEnabled":true},"in2DMode":false,"pivot":{"x":-5.960464477539063e-8,"y":-0.388541579246521,"z":0.013855047523975373},"rotation":{"x":-0.07226241379976273,"y":0.0206038448959589,"z":-0.0010749120265245438,"w":-0.9975093007087708},"size":0.6036527156829834,"orthographic":false}