{"cameraMode":{"drawMode":0,"name":"Shaded","section":"Shading Mode"},"sceneLighting":false,"audioPlay":false,"sceneViewState":{"m_AlwaysRefresh":false,"showFog":true,"showSkybox":false,"showFlares":true,"showImageEffects":true,"showParticleSystems":true,"showVisualEffectGraphs":true,"m_FxEnabled":true},"in2DMode":false,"pivot":{"x":-0.9764835834503174,"y":1.2165545225143433,"z":-0.33094680309295657},"rotation":{"x":-0.044611599296331409,"y":0.9557754397392273,"z":-0.2249607890844345,"w":-0.18619655072689057},"size":2.464158535003662,"orthographic":false}