{"cameraMode":{"drawMode":0,"name":"Shaded","section":"Shading Mode"},"sceneLighting":true,"audioPlay":false,"sceneViewState":{"m_AlwaysRefresh":false,"showFog":true,"showSkybox":true,"showFlares":true,"showImageEffects":true,"showParticleSystems":true,"showVisualEffectGraphs":true,"m_FxEnabled":true},"in2DMode":false,"pivot":{"x":0.05825471878051758,"y":2.627750873565674,"z":-8.649072647094727},"rotation":{"x":-0.21247732639312745,"y":0.6929488778114319,"z":-0.22472849488258363,"w":-0.6518517136573792},"size":10.164247512817383,"orthographic":false}