{"cameraMode":{"drawMode":0,"name":"Shaded","section":"Shading Mode"},"sceneLighting":true,"audioPlay":false,"sceneViewState":{"m_AlwaysRefresh":false,"showFog":true,"showSkybox":true,"showFlares":true,"showImageEffects":true,"showParticleSystems":true,"showVisualEffectGraphs":true,"m_FxEnabled":true},"in2DMode":false,"pivot":{"x":25.200971603393556,"y":1.5610227584838868,"z":-4.806054592132568},"rotation":{"x":-0.21728494763374329,"y":0.23019500076770783,"z":-0.05231207609176636,"w":-0.9475377202033997},"size":3.4846439361572267,"orthographic":false}