{"cameraMode":{"drawMode":0,"name":"Shaded","section":"Shading Mode"},"sceneLighting":true,"audioPlay":false,"sceneViewState":{"m_AlwaysRefresh":false,"showFog":true,"showSkybox":true,"showFlares":true,"showImageEffects":true,"showParticleSystems":true,"showVisualEffectGraphs":true,"m_FxEnabled":true},"in2DMode":false,"pivot":{"x":25.116052627563478,"y":0.9996583461761475,"z":-5.200489044189453},"rotation":{"x":-0.29680269956588747,"y":0.27821677923202517,"z":-0.09027931094169617,"w":-0.9094616770744324},"size":10.001588821411133,"orthographic":false}