{"cameraMode":{"drawMode":0,"name":"Shaded","section":"Shading Mode"},"sceneLighting":false,"audioPlay":false,"sceneViewState":{"m_AlwaysRefresh":false,"showFog":true,"showSkybox":false,"showFlares":true,"showImageEffects":true,"showParticleSystems":true,"showVisualEffectGraphs":true,"m_FxEnabled":true},"in2DMode":false,"pivot":{"x":-26.06930160522461,"y":2.4800000190734865,"z":21.352848052978517},"rotation":{"x":0.00909741036593914,"y":0.9879343509674072,"z":-0.1420459747314453,"w":0.062455758452415469},"size":4.3657684326171879,"orthographic":false}